--falta introduzir este de baixo

--INSERT INTO Fornecedores.Fornecedor([NIF],[telefone],[nome],[email]) VALUES (117180390,733098892,'Anthony Tillman','velit.dui.semper@luctus.edu'),(139340326,724368409,'Zachary Mitchell','tellus.Aenean@Donecest.com'),(146994060,198555551,'Duncan Wheeler','et.ipsum.cursus@et.com'),(150081276,378864484,'Jin Cross','molestie@erosnonenim.com'),(163936473,671283422,'Mark Chaney','euismod.ac@nisl.net'),(171455683,770364757,'Harper Wyatt','orci.Ut.semper@ante.co.uk'),(173963398,445156118,'Hall Mclaughlin','ipsum.dolor.sit@liberoProin.ca'),(205773904,517584294,'Ira Rivers','mi@dictumultricies.org'),(218811831,968385907,'Hayden Reynolds','felis@Proinultrices.org'),(223575991,995947186,'Bruno Dalton','enim@quismassa.org');
--INSERT INTO Fornecedores.Armazem([morada],[telefone],[Fnif]) VALUES ('P.O. Box 489, 3536 Tellus St.',383578421,117180390),('Ap #217-3579 Lacus. Street',722129800,139340326),('4890 Et Ave',401551823,146994060),('5077 Diam Rd.',684124417,150081276),('P.O. Box 387, 9560 Ligula. St.',889513749,163936473),('Ap #990-2087 Nisi. Rd.',802098960,171455683),('P.O. Box 157, 3369 Nibh St.',118165179,173963398),('P.O. Box 426, 9819 Sed Ave',645469030,205773904),('267-9245 Blandit Rd.',160264382,218811831),('P.O. Box 788, 8503 Urna. Av.',652905303,223575991);

INSERT INTO Fornecedores.Gerente([NIF],[nome]) VALUES (238730867,'Reed Sutton'),(240644536,'Devin Morales'),(248338997,'Macaulay Rowe'),(264108386,'Clayton Bruce'),(267420819,'Flynn Forbes'),(277625851,'Alfonso Forbes'),(277703310,'Richard Carey'),(281926833,'Yoshio Castaneda'),(293203883,'Hayden Carpenter'),(322292994,'Abdul Zamora');

